<?xml version="1.0" encoding="UTF-8"?>
<!DOCTYPE sqlMap PUBLIC "-//iBATIS.com//DTD SQL Map 2.0//EN" "http://www.ibatis.com/dtd/sql-map-2.dtd">
<sqlMap namespace="meta">
	<typeAlias alias="egovMap" type="egovframework.rte.psl.dataaccess.util.EgovMap"/>
	<typeAlias alias="metaVo" type="com.radar.meta.vo.MetaVO"/>
	
	<resultMap id="metaList" class="metaVo">
		<result property="masterSeq" column="MASTER_SEQ"/>
		<result property="attributeNm" column="ATT_NM"/>
		<result property="unit" column="UNIT"/>
		<result property="contents" column="CONT"/>
		<result property="regDate" column="REG_DATE"/>
		<result property="mdfDate" column="MDF_DATE"/>
		<result property="topGrp" column="TOP_GRP"/>
		<result property="firstGrp" column="FST_GRP"/>
		<result property="secondGrp" column="SND_GRP"/>
		<result property="lastGrp" column="LAST_GRP"/>
		<result property="siteYn" column="SITE_YN"/>
		<result property="imgYn" column="IMG_YN"/>
		<result property="binYn" column="BIN_YN"/>
		<result property="txtYn" column="TXT_YN"/>
	</resultMap>
	<resultMap class="metaVo" id="topGrp">
		<result property="val" column="VAL"/>
		<result property="item" column="ITEM"/>
	</resultMap>
	<resultMap class="metaVo" id="firstGrp">
		<result property="firstGrp" column="FST_GRP"/>
	</resultMap>
	<resultMap class="metaVo" id="secondGrp">
		<result property="secondGrp" column="SND_GRP"/>
	</resultMap>
	<resultMap class="metaVo" id="lastGrp">
		<result property="lastGrp" column="LAST_GRP"/>
	</resultMap>
	<resultMap class="metaVo" id="siteCd">
		<result property="val" column="VAL"/>
		<result property="item" column="ITEM"/>
	</resultMap>
	
	<resultMap id="metaUserList" class="metaVo">
		<result property="grpCls" column="GRP_CLS"/>
		<result property="grpSeq" column="GRP_SEQ"/>
		<result property="siteCd" column="SITE_CD"/>
		<result property="obsDate" column="OBS_DATE"/>
	</resultMap>
	<resultMap id="metaGrpList" class="metaVo">
		<result property="grpCls" column="GRP_CLS"/>
		<result property="grpSeq" column="GRP_SEQ"/>
		<result property="dataCls" column="DATA_CLS"/>
		<result property="fileCls" column="FILE_CLS"/>
		<result property="siteCd" column="SITE_CD"/>
		<result property="regDate" column="REG_DATE"/>
		<result property="mdfDate" column="MDF_DATE"/>
		<result property="applyDate" column="APPLY_DATE"/>
		<result property="fileNm" column="FILE_NM"/>
	</resultMap>
	<resultMap id="metaGrpInfo" class="metaVo">
		<result property="masterSeq" column="MASTER_SEQ"/>
		<result property="attributeNm" column="ATT_NM"/>
		<result property="unit" column="UNIT"/>
		<result property="contents" column="CONT"/>
		<result property="regDate" column="REG_DATE"/>
		<result property="dataVal" column="DATA_VALUE"/>
		<result property="checked" column="CHECKED"/>
	</resultMap>
	<resultMap class="metaVo" id="wisCList">
		<result property="fileId" column="FILE_ID"/>
		<result property="fileNm" column="FILE_NM"/>
		<result property="xmldataYn" column="XMLDATA_YN"/>
	</resultMap>
	<resultMap class="metaVo" id="wisCDown">
		<result property="xmlData" column="XMLDATA" jdbcType="CLOB" javaType="java.lang.String"/>
	</resultMap>
	
	<resultMap class="metaVo" id="wisClobDown">
		<result property="clobXmlData" column="XMLDATA" jdbcType="CLOB"/>
	</resultMap>
	
	<resultMap class="metaVo" id="compSiteList">
		<result property="compCertain" column="COMP_CERTAIN"/>
		<result property="siteList" column="SITE_LIST"/>
	</resultMap>
	
	<resultMap class="metaVo" id="siteObsCycle">
		<result property="obsCycle" column="OBS_CYCLE" javaType="java.lang.String"/>
	</resultMap>
	
	<parameterMap class="HashMap" id="tempVo">
		<parameter property="fileNm"/>
		<parameter property="sDate"/>
	</parameterMap>
		
	<parameterMap class="metaVo" id="wisMerge">
		<parameter property="xmlData" jdbcType="CLOB" />
		<parameter property="fileId"/>
<!-- 		<parameter property="xmlData" jdbcType="CLOB" /> -->
		<parameter property="updateId"/>
		<parameter property="fileId"/>
<!-- 		<parameter property="xmlData" jdbcType="CLOB" /> -->
		<parameter property="createId"/>
	</parameterMap>
		
	
	<select id="metaDAO.selectTopGrp" resultMap="topGrp">
		<![CDATA[
			SELECT DISTINCT 
			  TOP_GRP AS VAL 
			, UPPER (TOP_GRP) AS ITEM
			  FROM META_MASTER
			 WHERE TOP_GRP IS NOT NULL
		]]>
	</select>
	<select id="metaDAO.selectFirstGrp" resultMap="firstGrp">
		<![CDATA[
			SELECT DISTINCT 
			  FST_GRP 
			  FROM META_MASTER
			 WHERE FST_GRP IS NOT NULL
		]]>
	</select>
	<select id="metaDAO.selectSecondGrp" resultMap="secondGrp">
		<![CDATA[
			SELECT DISTINCT 
			  SND_GRP 
			  FROM META_MASTER
			 WHERE SND_GRP IS NOT NULL
		]]>
	</select>
	<select id="metaDAO.selectLastGrp" resultMap="lastGrp">
		<![CDATA[
			SELECT DISTINCT 
			  LAST_GRP 
			  FROM META_MASTER
			 WHERE LAST_GRP IS NOT NULL
		]]>
	</select>
	<select id="metaDAO.selectSiteCd" resultMap="siteCd">
		<![CDATA[
			SELECT DISTINCT 
			  SITE_CD AS VAL 
			, UPPER (SITE_CD) AS ITEM
			  FROM META_GRP_LIST
			 WHERE SITE_CD IS NOT NULL
		]]>
	</select>
	<select id="metaDAO.selectMetaVOList" parameterClass="metaVo" resultMap="metaList">
	<![CDATA[
		SELECT 
		    MASTER_SEQ 
		  , ATT_NM
		  , UNIT
		  , CONT
		  , REG_DATE
		  , MDF_DATE
		  , TOP_GRP
		  , FST_GRP
		  , SND_GRP
		  , LAST_GRP
		  , SITE_YN
		  , IMG_YN
		  , BIN_YN
		  , TXT_YN
		  FROM META_MASTER
		  WHERE 1=1
		  ]]>
		  <dynamic>
		<isNotEmpty property="topGrp"> 
			AND TOP_GRP = #topGrp#
		</isNotEmpty>
		<isNotEmpty property="firstGrp"> 
			AND FST_GRP = #firstGrp#
		</isNotEmpty>
		<isNotEmpty property="secondGrp"> 
			AND SND_GRP = #secondGrp#
		</isNotEmpty>
		<isNotEmpty property="lastGrp"> 
			AND LAST_GRP = #lastGrp#
		</isNotEmpty>
		<isNotEmpty property="useGroup">
		  <isEqual property="useGroup" compareValue="SITE">
			AND SITE_YN = 'Y'
		  </isEqual>
		  <isEqual property="useGroup" compareValue="IMG">
			AND IMG_YN = 'Y'
		  </isEqual>
		  <isEqual property="useGroup" compareValue="BIN">
			AND BIN_YN = 'Y'
		  </isEqual>
		  <isEqual property="useGroup" compareValue="TXT">
			AND TXT_YN = 'Y'
		  </isEqual>
		</isNotEmpty>
			ORDER BY MASTER_SEQ
	</dynamic>
	</select>
	<select id="metaDAO.selectMetaVo" parameterClass="metaVo" resultMap="metaList">
	<![CDATA[
		SELECT 
		    MASTER_SEQ 
		  , ATT_NM
		  , UNIT
		  , CONT
		  , REG_DATE
		  , MDF_DATE
		  , TOP_GRP
		  , FST_GRP
		  , SND_GRP
		  , LAST_GRP
		  , SITE_YN
		  , IMG_YN
		  , BIN_YN
		  , TXT_YN
		  FROM META_MASTER
		  WHERE 1=1
			AND MASTER_SEQ = #masterSeq#
	]]>
	</select>
	<update id="metaDAO.updateMetaMaster">
	<![CDATA[
		UPDATE
		  META_MASTER
			SET 
			    ATT_NM=#attributeNm#
			  , UNIT=#unit#
			  , CONT=#contents#
			  , MDF_DATE=SYSDATE
			  , TOP_GRP=#topGrp#
			  , FST_GRP=#firstGrp#
			  , SND_GRP=#secondGrp#
			  , LAST_GRP=#lastGrp#
			  , SITE_YN=#siteYn#
			  , IMG_YN=#imgYn#
			  , BIN_YN=#binYn#
			  , TXT_YN=#txtYn#
			WHERE MASTER_SEQ = #masterSeq#
	]]>
	</update>
	<insert id="metaDAO.insertMetaMaster">
	<![CDATA[
		INSERT INTO META_MASTER
  		  (
	  	    MASTER_SEQ
          , ATT_NM
          , UNIT
          , CONT
          , REG_DATE
          , TOP_GRP
          , FST_GRP
          , SND_GRP
          , LAST_GRP
          , SITE_YN
          , IMG_YN
          , BIN_YN
          , TXT_YN
          , MASTER_CD
		)VALUES(
		    META_MASTER_SEQ.NEXTVAL
		  , #attributeNm#
		  , #unit#
		  , #contents#
		  , SYSDATE
		  , #topGrp#
		  , #firstGrp#
		  , #secondGrp#
		  , #lastGrp#
		  , #siteYn#
		  , #imgYn#
		  , #binYn#
		  , #txtYn#
		  , '00000000'
		)
	]]>
	</insert>
	<select id="metaDAO.selectMetaGrpList" parameterClass="metaVo" resultMap="metaGrpList">
	<![CDATA[
		SELECT 
		GRP_CLS
	  , GRP_SEQ
	  , DATA_CLS
	  , FILE_CLS
	  , SITE_CD
	  , REG_DATE
	  , MDF_DATE
	  , APPLY_DATE
	  , FILE_NM
	  FROM META_GRP_LIST
	  WHERE 1=1
	]]>
	<dynamic>
	<isNotEmpty property="dataCls"> 
		AND DATA_CLS = #dataCls#
	</isNotEmpty>
	<isNotEmpty property="siteCd"> 
		AND SITE_CD = #siteCd#
	</isNotEmpty>
		ORDER BY DATA_CLS, SITE_CD, GRP_SEQ
	</dynamic>
	</select>
	
	<select id="metaDAO.selectMetaSiteList" parameterClass="metaVo" resultMap="metaUserList">
	<![CDATA[
		SELECT 
		GRP_CLS
	  , GRP_SEQ
	  , SITE_CD
	  , TO_CHAR(OBS_DATE, 'YYYY-MM-DD') AS OBS_DATE
	  	FROM META_SITE_INFO
	  	WHERE 1=1
	  	  AND TO_CHAR(OBS_DATE,'YYYYMMDDHH24MI') BETWEEN #sDate# AND #eDate#
	]]>
	<dynamic>
	<isNotEmpty property="siteCd"> 
		AND SITE_CD = #siteCd#
	</isNotEmpty>
		ORDER BY OBS_DATE, SITE_CD
	</dynamic>
	</select>
	
	<select id="metaDAO.selectMetaImgList" parameterClass="metaVo" resultMap="metaUserList">
	<![CDATA[
		SELECT 
		GRP_CLS
	  , GRP_SEQ
	  , SITE_CD
	  , TO_CHAR(OBS_DATE, 'YYYY-MM-DD') AS OBS_DATE
	  	FROM META_IMG_INFO
	  	WHERE 1=1
	  	  AND TO_CHAR(OBS_DATE,'YYYYMMDDHH24MI') BETWEEN #sDate# AND #eDate#
	]]>
	<dynamic>
	<isNotEmpty property="siteCd"> 
		AND SITE_CD = #siteCd#
	</isNotEmpty>
		ORDER BY OBS_DATE, SITE_CD
	</dynamic>
	</select>
	
	<select id="metaDAO.selectMetaBinList" parameterClass="metaVo" resultMap="metaUserList">
	<![CDATA[
		SELECT 
		GRP_CLS
	  , GRP_SEQ
	  , SITE_CD
	  , TO_CHAR(OBS_DATE, 'YYYY-MM-DD') AS OBS_DATE
	  	FROM META_BIN_INFO
	  	WHERE 1=1
	  	  AND TO_CHAR(OBS_DATE,'YYYYMMDDHH24MI') BETWEEN #sDate# AND #eDate#
	]]>
	<dynamic>
	<isNotEmpty property="siteCd"> 
		AND SITE_CD = #siteCd#
	</isNotEmpty>
		ORDER BY OBS_DATE, SITE_CD
	</dynamic>
	</select>
	
	<select id="metaDAO.selectMetaTxtList" parameterClass="metaVo" resultMap="metaUserList">
	<![CDATA[
		SELECT 
		GRP_CLS
	  , GRP_SEQ
	  , SITE_CD
	  , TO_CHAR(OBS_DATE, 'YYYY-MM-DD') AS OBS_DATE
	  	FROM META_TXT_INFO
	  	WHERE 1=1
	  	  AND TO_CHAR(OBS_DATE,'YYYYMMDDHH24MI') BETWEEN #sDate# AND #eDate#
	]]>
	<dynamic>
	<isNotEmpty property="siteCd"> 
		AND SITE_CD = #siteCd#
	</isNotEmpty>
		ORDER BY OBS_DATE, SITE_CD
	</dynamic>
	</select>
	
	<select id="metaDAO.selectMetaGrp" parameterClass="metaVo" resultMap="metaGrpList">
	<![CDATA[
		SELECT 
		GRP_CLS
	  , GRP_SEQ
	  , DATA_CLS
	  , FILE_CLS
	  , SITE_CD
	  , TO_CHAR(REG_DATE, 'YYYY-MM-DD') AS REG_DATE
      , MDF_DATE
      , TO_CHAR(APPLY_DATE, 'YYYY-MM-DD') AS APPLY_DATE
	  , FILE_NM
	  FROM META_GRP_LIST
	  WHERE 1=1
	]]>
	<dynamic>
	<isNotEmpty property="grpCls"> 
		AND GRP_CLS = #grpCls#
	</isNotEmpty>
	<isNotEmpty property="grpSeq"> 
		AND GRP_SEQ = #grpSeq#
	</isNotEmpty>
	<isNotEmpty property="dataCls"> 
		AND DATA_CLS = #dataCls#
	</isNotEmpty>
	</dynamic>
	</select>
	
	<select id="metaDAO.selectMetaGrpInfo" parameterClass="metaVo" resultMap="metaGrpInfo">
	<![CDATA[
	SELECT MM.MASTER_SEQ
       , MM.ATT_NM
       , MM.UNIT
       , MM.CONT
       , MM.REG_DATE
       , MGI.DATA_VALUE
       , 'Y' AS CHECKED
	FROM META_GRP_LIST MGL , META_GRP_INFO MGI , META_MASTER MM
	WHERE MGL.GRP_CLS = MGI.GRP_CLS
    	AND MGL.GRP_SEQ = MGI.GRP_SEQ
    	AND MGI.MASTER_SEQ = MM.MASTER_SEQ
    	]]>
    <dynamic>
	<isNotEmpty property="grpCls"> 
		AND MGL.GRP_CLS = #grpCls#
	</isNotEmpty>
	<isNotEmpty property="grpSeq"> 
		AND MGL.GRP_SEQ = #grpSeq#
	</isNotEmpty>
    </dynamic>
	UNION ALL
	<![CDATA[
	SELECT MMA.MASTER_SEQ
       , MMA.ATT_NM
       , MMA.UNIT
       , MMA.CONT
       , MMA.REG_DATE 
       , '' AS DATA_VALUE 
       , 'N' AS CHECKED
	FROM META_MASTER MMA 
    WHERE  MMA.MASTER_SEQ NOT IN ( SELECT MM.MASTER_SEQ
									FROM META_GRP_LIST MGL 
									, META_GRP_INFO MGI 
									, META_MASTER MM
									WHERE MGL.GRP_CLS = MGI.GRP_CLS
								    AND MGL.GRP_SEQ = MGI.GRP_SEQ
								    AND MGI.MASTER_SEQ = MM.MASTER_SEQ
								    ]]>
								    <dynamic>
									<isNotEmpty property="grpCls"> 
										AND MGL.GRP_CLS = #grpCls#
									</isNotEmpty>
									<isNotEmpty property="grpSeq"> 
										AND MGL.GRP_SEQ = #grpSeq#
									</isNotEmpty>
    							)
	     <isNotEmpty property="dataCls">
		  <isEqual property="dataCls" compareValue="SITE">
			AND MMA.SITE_YN = 'Y'
		  </isEqual>
		  <isEqual property="dataCls" compareValue="IMG">
			AND MMA.IMG_YN = 'Y'
		  </isEqual>
		  <isEqual property="dataCls" compareValue="BIN">
			AND MMA.BIN_YN = 'Y'
		  </isEqual>
		  <isEqual property="dataCls" compareValue="TXT">
			AND MMA.TXT_YN = 'Y'
		  </isEqual>
		</isNotEmpty>
    </dynamic>
	</select>
	
	<select id="metaDAO.selectMetaGrpInfoIns" parameterClass="metaVo" resultMap="metaGrpInfo">
	<![CDATA[
	SELECT MMA.MASTER_SEQ
       , MMA.ATT_NM
       , MMA.UNIT
       , MMA.CONT
       , MMA.REG_DATE 
       , '' AS DATA_VALUE 
       , 'N' AS CHECKED
	FROM META_MASTER MMA
    WHERE  1=1
    ]]>
	<dynamic>
	     <isNotEmpty property="dataCls">
		  <isEqual property="dataCls" compareValue="SITE">
			AND MMA.SITE_YN = 'Y'
		  </isEqual>
		  <isEqual property="dataCls" compareValue="IMG">
			AND MMA.IMG_YN = 'Y'
		  </isEqual>
		  <isEqual property="dataCls" compareValue="BIN">
			AND MMA.BIN_YN = 'Y'
		  </isEqual>
		  <isEqual property="dataCls" compareValue="TXT">
			AND MMA.TXT_YN = 'Y'
		  </isEqual>
		</isNotEmpty>
    </dynamic>
	</select>
	
	<update id="metaDAO.updateMetaGroupList">
	<![CDATA[
		UPDATE
		  META_GRP_LIST
			SET 
				GRP_CLS = #grpCls#
			  , FILE_NM = #fileNm#
		  	  , MDF_DATE = SYSDATE
			WHERE GRP_CLS = #pkGrpCls#
			  AND GRP_SEQ = #pkGrpSeq#
	]]>
	</update>
	<update id="metaDAO.updateMetaGroupInfo">
	<![CDATA[
		UPDATE
		  META_GRP_INFO
			SET
			    DATA_VALUE = #dataVal#
			WHERE GRP_CLS = #pkGrpCls#
			  AND GRP_SEQ = #pkGrpSeq#
			  AND MASTER_SEQ = #masterSeq#
	]]>
	</update>
	
	<insert id="metaDAO.insertMetaGroupList">
	<![CDATA[
		INSERT INTO META_GRP_LIST
  		  (
	  	    GRP_CLS
	  	  , GRP_SEQ
	  	  , DATA_CLS
	  	  , FILE_CLS
	  	  , SITE_CD
	  	  , REG_DATE
	  	  , APPLY_DATE
	  	  , FILE_NM
		)VALUES(
		    #grpCls#
		  , (SELECT COUNT(GRP_SEQ)+1 FROM META_GRP_LIST
 			 WHERE GRP_CLS = #grpCls#)
		  , #dataCls#
		  , #fileCls#
		  , #siteCd#
		  , SYSDATE
		  , TO_DATE(#applyDate#, 'YYYY-MM-DD')
		  , #fileNm#
		)
	]]>
	</insert>
	<insert id="metaDAO.insertMetaGroupInfo">
	<![CDATA[
		INSERT INTO META_GRP_INFO
  		  (
	  	    META_GRP_SEQ
	  	  , MASTER_SEQ
	  	  , GRP_CLS
	  	  , GRP_SEQ
	  	  , DATA_VALUE
		)VALUES(
		    META_GRP_SEQ.NEXTVAL
		  , #masterSeq#
		  , #grpCls#
		  , (SELECT COUNT(GRP_SEQ)+1 FROM META_GRP_LIST
 			 WHERE GRP_CLS = #grpCls#)
		  , #dataVal#
		)
	]]>
	</insert>
	<!-- wis 카탈로그 도 같이 넣자. -->
	<select id="metaDAO.wisCatalList" parameterClass="metaVo" resultMap="wisCList">
	<![CDATA[
		SELECT 
			FILE_ID
		  , FILE_NM 
		  , XMLDATA_YN
		  FROM WIS_XML_FILE 
		 WHERE 
		 	FILE_TYPE=20
	]]>
	<dynamic>
	    <isNotEmpty property="userYn">
	   		AND XMLDATA_YN='Y'
		</isNotEmpty>    
	</dynamic>
	</select>
	<select id="metaDAO.wisCatalDown" parameterClass="metaVo" resultMap="wisCDown">
	<![CDATA[
		SELECT 
			A.XMLDATA.GETCLOBVAL() AS XMLDATA 
		  FROM 
		  	WIS_XML_DATA A 
		 WHERE 
		 	USE_YN='Y' 
		   AND FILE_ID=#fileId# 
	]]>
	</select>
	<select id="metaDAO.wisCatalCon" parameterClass="metaVo" resultMap="wisCDown">
	<![CDATA[
		SELECT 
			A.XMLDATA.GETCLOBVAL() AS XMLDATA 
		  FROM 
		  	WIS_XML_DATA A 
		 WHERE 
		 	USE_YN='Y' 
		   AND FILE_ID=1000 
	]]>
	</select>
	<select id="metaDAO.wisCatalXmlData" parameterClass="metaVo" resultMap="wisCDown">
	<![CDATA[
		SELECT 
			A.XMLDATA.GETCLOBVAL() AS XMLDATA 
		  FROM WIS_XML_DATA A 
		 WHERE 
		 	USE_YN='Y'
		   AND FILE_ID=( CASE WHEN ( select FILE_ID 
		   							   from (SELECT * FROM WIS_XML_DATA 
		   							   		  WHERE FILE_ID=#fileId#  
		   							   		  ORDER BY XML_SEQ DESC ) 
		   							  WHERE  ROWNUM= 1 ) IS NULL THEN
						 1000 ELSE #fileId# END )
	]]>
	</select>
	<update id="metaDAO.wisMergeXmlData" parameterMap="wisMerge">
	<![CDATA[
	DECLARE
		xml CLOB;
	BEGIN
		xml:=?;
	
		MERGE INTO WIS_XML_DATA A
        USING 
        	(SELECT 
        		X.FILE_ID
        	  , X.ETC
        	  , 1 AS XML_SEQ 
        	 FROM  WIS_XML_FILE X 
        	WHERE X.FILE_ID=? ) B 
               ON (A.FILE_ID=B.FILE_ID AND A.XML_SEQ=B.XML_SEQ)      
                     WHEN MATCHED THEN                                           
                           UPDATE SET                                            
                               A.XMLDATA=XMLTYPE(xml)
                               ,A.UPDATE_DATE=SYSDATE
                               ,A.UPDATE_ID=?   
                     WHEN NOT MATCHED THEN                                        
                            INSERT(FILE_ID,XML_SEQ,XMLDATA,ETC,CREATE_DATE,CREATE_ID) 
                            VALUES( ?,1, XMLTYPE(xml),B.ETC,SYSDATE,?);
	END;
	]]>
	</update>
	<update id="metaDAO.wisCatalConIns" parameterMap="wisMerge">
	<![CDATA[
	DECLARE
		xml CLOB;
	BEGIN
		xml:=?;
	
		MERGE INTO WIS_XML_DATA A
        USING 
        	(SELECT 
        		X.FILE_ID
        	  , X.ETC
        	  , 1 AS XML_SEQ 
        	 FROM  WIS_XML_FILE X 
        	WHERE X.FILE_ID=? ) B 
               ON (A.FILE_ID=B.FILE_ID AND A.XML_SEQ=B.XML_SEQ)      
                     WHEN MATCHED THEN                                           
                           UPDATE SET                                            
                               A.XMLDATA=XMLTYPE(xml)
                               ,A.UPDATE_DATE=SYSDATE
                               ,A.UPDATE_ID=?   
                     WHEN NOT MATCHED THEN                                        
                            INSERT(FILE_ID,XML_SEQ,XMLDATA,ETC,CREATE_DATE,CREATE_ID) 
                            VALUES( ?,1, XMLTYPE(xml),B.ETC,SYSDATE,?);
	END;
	]]>
	</update>
	<update id="metaDAO.updateWisCatalFileY">
	<![CDATA[
		UPDATE
 		  WIS_XML_FILE
			SET
				XMLDATA_YN = 'Y',
				UPDATE_DATE = SYSDATE,
				UPDATE_ID = #updateId#
			WHERE file_id = #fileId#
	]]>
	</update>
	
	<select id="metaDAO.wisCataltest" parameterClass="metaVo" resultMap="wisClobDown">
	<![CDATA[
		SELECT 
			A.XMLDATA.GETCLOBVAL() AS XMLDATA 
		  FROM 
		  	WIS_XML_DATA A 
		 WHERE 
		 	USE_YN='Y' 
		   AND FILE_ID=1000 
	]]>
	</select>
	
	<select id="metaDAO.compSiteList" parameterClass="metaVo" resultMap="compSiteList">
	<![CDATA[
		SELECT 
			A.COMP_CERTAIN AS COMP_CERTAIN , A.SITE_LIST AS SITE_LIST
		  FROM META_BIN_INFO A, META_GRP_LIST B
		  WHERE A.GRP_CLS = B.GRP_CLS
			AND A.GRP_SEQ = B.GRP_SEQ
			AND B.FILE_NM LIKE '%'||#fileNm#||'%'
			AND A.OBS_DATE = TO_DATE(#regDate# ,'YYYYMMDDHH24MI')
			AND ROWNUM = 1
	]]>
	</select>
	
	<select id="metaDAO.siteObsCycle" parameterClass="metaVo" resultMap="siteObsCycle">
	<![CDATA[
		SELECT OBS_CYCLE 
		  FROM SITE_LIST 
		 WHERE SITE_CD = #siteCd#
	       AND OBS_ED_DATE = (SELECT MAX(OBS_ED_DATE) 
	       						FROM SITE_LIST
	                           WHERE SITE_CD = #siteCd#)
	]]>
	</select>
	
</sqlMap>