<?xml version="1.0" encoding="UTF-8"?>
<!DOCTYPE mapper PUBLIC "-//mybatis.org//DTD Mapper 3.0//EN" "http://mybatis.org/dtd/mybatis-3-mapper.dtd">
<mapper namespace="kres.us.cmmn.service.impl.UsCmmnMapper">
	<!-- oskim 20190213 행정구역명 단축처리 -->
	<select id="selectSidoList" resultType="UsCmmnVO" parameterType="HashMap">
		SELECT 	 ZONESORT
				,multi_replace(
                        ZONENM1
                        ,'서울특별시=서울/경기도=경기/경상북도=경북/경상남도=경남/전라북도=전북/전라남도=전남/강원도=강원/부산광역시=부산/충청북도=충북/충청남도=충남/인천광역시=인천/대구광역시=대구/광주광역시=광주/대전광역시=대전/울산광역시=울산/제주특별자치도=제주/세종특별자치시=세종'
        		) as ZONENM1
				,ZONENM2
				,ZONELAT
				,ZONELON
				,ZONELEV1
				,ZONELEV2 
		FROM KR_ZONE_COORDINATE
		<if test="zoneSort != null">
		WHERE ZONESORT = #{zoneSort}
		</if>
		ORDER BY ZONELEV2
	</select>
	
	<select id="selectMenuList" resultType="adMenuMngVO" parameterType="HashMap">
		SELECT 
			a.NO, a.TITLE, a.GUBUN, a.CNO, a.DEPTH, a.PNO, a.ORDERNO, a.TARGET, a.USEYN, a.REGDATE, b.URL, b.UITIME
		FROM 
			KR_MENU_OP_TEST a LEFT OUTER JOIN KR_MCONTENT_OP_TEST b ON a.CNO = b.NO
		WHERE
			a.DEPTH = #{depth}
			<!-- khr 20190227 통계 카운트 추가 -->
			AND  a.USEYN = 'Y'
			<if test="pno != null">
				AND a.PNO IN 
				<foreach collection="pno" item="item" index="index" open="(" close=")" separator=",">
					#{item}
				</foreach>
			</if>
		ORDER BY a.DEPTH, a.PNO, a.ORDERNO
	</select>
	 
	<!-- 메뉴 트리 리스트 가져오기 -->
	<select id="selectMenuTreeList" resultType="adMenuMngVO">
		SELECT 
			a.NO, a.TITLE, a.GUBUN, a.CNO, a.DEPTH, a.PNO, a.ORDERNO, a.TARGET, a.USEYN, a.REGDATE, b.URL
		FROM 
			KR_MENU_OP_TEST a LEFT OUTER JOIN KR_MCONTENT_OP_TEST b ON a.CNO = b.NO
		START WITH 
			a.PNO = 0
		CONNECT BY PRIOR 
			a.NO = a.PNO
		ORDER SIBLINGS BY ORDERNO
	</select>
	
	<!-- 옵션 리스트 가져오기 (테스트) -->
	<select id="getOptionList" parameterType="String"  resultType="adOptionVO">
		SELECT a.* FROM KR_OPTION_OP_TEST a 
			INNER JOIN KR_OPTION_APPLY_OP_TEST b 
  				ON a.NO = b.ONO
    				INNER JOIN KR_MCONTENT_OP_TEST c 
      					ON b.CNO = c.NO AND c.URL = #{url}
      	ORDER BY a.NAME, a.OPTNAME ASC
	</select>

	<!-- 옵션 리스트 가져오기 -->
	<select id="getAllOptionList" resultType="adOptionVO">
      SELECT a.NO, a.NAME, a.TYPE, a.OPTNAME, a.OPTID, a.OPTNM, a.OPTVAL, a.OPTEVT, c.NO as MENUNO
      FROM KR_OPTION_OP_TEST a 
			INNER JOIN KR_OPTION_APPLY_OP_TEST b ON a.NO = b.ONO
    	INNER JOIN KR_MCONTENT_OP_TEST c ON b.CNO = c.NO
      ORDER BY c.URL, a.NAME, LPAD(a.OPTVAL,10) ASC
	</select>
	
	<!-- 옵션 리스트 가져오기2 -->
    <!-- oskim 20181004 , append a.NAMESORT -->
	<select id="getOptionListByCno" resultType="adOptionVO" parameterType="String">
      SELECT a.NO, a.NAME, a.TYPE, a.OPTNAME, a.OPTID, a.OPTNM, a.OPTVAL, a.OPTEVT, c.NO as MENUNO,
      			to_number(SUBSTR(a.OPTID, Length(a.OPTNM)+2,  Length(a.OPTID))) as OPTNUM
      FROM KR_OPTION_OP_TEST a 
			INNER JOIN KR_OPTION_APPLY_OP_TEST b ON a.NO = b.ONO
    	INNER JOIN KR_MCONTENT_OP_TEST c ON b.CNO = c.NO
			AND c.NO = #{cno} 
      ORDER BY c.URL, b.SORTNO, a.NAME, a.NAMESORT, OPTNUM,  OPTID, LPAD(a.OPTVAL,10) ASC
	</select>
	
	<!-- 적용된 옵션 리스트 이름 가져오기 -->
	<select id="getOptionListByNm" resultType="adOptionVO" parameterType="String">
		SELECT distinct(a.NAME)
     	FROM KR_OPTION_OP_TEST a 
			INNER JOIN KR_OPTION_APPLY_OP_TEST b ON a.NO = b.ONO
    	INNER JOIN KR_MCONTENT_OP_TEST c ON b.CNO = c.NO AND c.NO = #{cno}
	</select>

	<!-- 옵션 적용된 메뉴 갯수 -->
	<select id="getOptionMenuCount" resultType="int">
      SELECT count(*)
      FROM (SELECT CNO
        	FROM KR_OPTION_APPLY_OP_TEST
        	GROUP BY CNO)
	</select>
	
	<!-- 사이트 관측지점 경위도  -->
	<!-- oskim 20180108 미공군,공군 순서바꿈 -->
	<!-- oskim 20180314 사이트명칭 전체 순서바꿈 (SITESORTEACH 필드 추가) -->
	<!-- oskim 20180326 -->
	<select id="selectObsStation" parameterType="java.util.HashMap" resultType="UsCompRightVO">
		SELECT  NO,
				SITENAME,
				SITEVAL,
				SITELAT,
				SITELON,
				SITESORT,
				SITETYPE,
				SITETIME,
				TO_CHAR(TMCHGDATE, 'YYYY.MM.DD HH24:MI') AS TMCHGDATE
		FROM KR_OBS_STATION_OP_TEST
		WHERE 1 = 1
		<if test="sort != 0">
		AND SITESORT = #{sort}
		ORDER BY SITESORT,NO ASC
		</if>			
		<if test="sort == 0">
		ORDER BY SITESORT, SITESORTEACH, NO ASC
		</if>		
	</select>
	
	<select id="selectSiteSortList" parameterType="UsCompRightVO" resultType="UsCompRightVO">
	<![CDATA[
	SELECT  distinct SITETYPE,
       				 SITESORT
	FROM KR_OBS_STATION_OP_TEST		
    ORDER BY SITESORT
	]]>	
	</select>
	
	

	<select id="selectAWSNmList" resultType="UsCmmnVO">
	<![CDATA[
		SELECT  distinct AWSNM1 FROM KR_AWS
		WHERE AWSSORT = 'ASOS' OR AWSSORT = 'AWS'
		ORDER BY AWSNM1		
	]]>	
	</select>	
	
	<select id="selectAWSBranchList" parameterType="java.util.HashMap" resultType="UsCmmnVO">
	SELECT TB.* 
        FROM ( 
			SELECT   ROW_NUMBER() OVER (ORDER BY AWSNO DESC) NUM
					,AWSNM1
					,AWSNM2
					,AWSNUM
					,AWSSORT
					,AWSLAT
					,AWSLON
					,AWSLEV
			FROM KR_AWS
			WHERE 1=1
			AND  (AWSSORT = 'ASOS' OR AWSSORT = 'AWS')
			<if test="awsLat != null">
			AND  AWSLAT LIKE #{awsLat}||'%'
			</if>
			<if test="awsLon != null">
			AND  AWSLON LIKE #{awsLon}||'%'
			</if>
			<if test="awsNm1 != ''">
			AND  AWSNM1 = #{awsNm1}
			</if>
			AND  AWSNM2 LIKE '%'||#{awsNm2}||'%'
		)TB 
    WHERE NUM BETWEEN #{first} AND #{last}   		
	</select>	
	
	<select id="selectAWSBranchListCnt" parameterType="java.util.HashMap" resultType="java.lang.Integer">																				
	SELECT   COUNT(*)
	FROM KR_AWS
	WHERE 1=1   
	AND  (AWSSORT = 'ASOS' OR AWSSORT = 'AWS')
	<if test="awsLat != null">
	AND  AWSLAT LIKE '%'||#{awsLat}||'%'
	</if>
	<if test="awsLon != null">
	AND  AWSLON LIKE '%'||#{awsLon}||'%'
	</if>
	<if test="awsNm1 != ''">
	AND  AWSNM1 = #{awsNm1}
	</if>
	AND  AWSNM2 LIKE '%'||#{awsNm2}||'%'
	</select>	
	
	<select id="selectAWSPoint" parameterType="java.util.HashMap" resultType="UsCmmnVO" >
		SELECT AWSNM1, AWSNM2, AWSNUM, AWSU3LAT as awsLat, AWSU3LON as awsLon, AWSLEV
    	FROM KR_AWS
    	WHERE (AWSSORT = #{awsSort} 
		<if test="awsSort == 'AWS'">
			OR AWSSORT = 'ASOS'
		</if>
		)
		AND #{awsLev} >= AWSLEV 
	</select>
		
	<!-- 사이트 관측지점 관측시각  -->
	<select id="selectSitetimeToObsStation" parameterType="java.util.HashMap" resultType="UsCompRightVO">
		SELECT  SITEVAL, 
				( CASE WHEN TMCHGDATE IS NULL THEN 10 
		               WHEN TMCHGDATE <![CDATA[ >  ]]> TO_DATE(#{dateTime}, 'YYYYMMDDHH24MI') - 3/24 THEN 10
		          ELSE SITETIME END
		        ) AS SITETIME
		FROM KR_OBS_STATION_OP_TEST
		WHERE SITEVAL = #{siteVal}
	</select>
	
	<!-- oskim 20190804  -->
	<select id="selectTyphoonListCnt" parameterType="java.util.HashMap" resultType="java.lang.Integer">																				
		SELECT COUNT(*)
    	FROM KR_TYPHOON_LIST
    	<!-- WHERE YEAR = #{inputYear} -->
	</select>
	
	<select id="selectTyphoonList" resultType="UsTyphoonListVO">
		SELECT YEAR, SEQ, KNAME, ENAME, INFO
    	FROM KR_TYPHOON_LIST ORDER BY YEAR desc, SEQ desc
	</select>
	
	<select id="selectTyphoonRoute" parameterType="String" resultType="UsTyphoonRouteVO">
		SELECT LST, UTC, LAT, LON, DIST, DIR, SPEED, MEMO
    	FROM KR_TYPHOON_ROUTE
    	WHERE NAME = #{typhoonName}
	</select>
	
</mapper>
