<?xml version="1.0" encoding="UTF-8"?>
<!DOCTYPE configuration PUBLIC "-//mybatis.org//DTD Config 3.0//EN" "http://mybatis.org/dtd/mybatis-3-config.dtd">

<configuration>
    <typeAliases>
    	<typeAlias alias="adMemVO" type="kres.ad.mem.service.AdMemVO"/>
		<typeAlias alias="usLgtVO" type="kres.us.lgt.service.UsLgtVO"/>
		<typeAlias alias="usLgtBranchVO" type="kres.us.lgt.service.UsLgtBranchVO"/>
		<typeAlias alias="usLgtAdressVO" type="kres.us.lgt.service.UsLgtAdressVO"/>
		<typeAlias alias="adMenuVO" type="kres.ad.menu.service.AdMenuVO"/>
		<typeAlias alias="adBBSVO" type="kres.ad.bbs.service.AdBBSVO"/>
		<typeAlias alias="adHelpVO" type="kres.ad.help.service.AdHelpVO"/>
		<typeAlias alias="adMenuMngVO" type="kres.ad.menu.service.AdMenuMngVO"/>
		<typeAlias alias="adOptionVO" type="kres.ad.option.service.AdOptionVO"/>
		<typeAlias alias="adOptApplyVO" type="kres.ad.option.service.AdOptApplyVO"/>
		<typeAlias alias="usCmmnVO" type="kres.us.cmmn.service.UsCmmnVO"/>
		<typeAlias alias="usCompRightVO" type="kres.us.comp.service.UsCompRightVO"/>
		<typeAlias alias="adSiteVO" type="kres.ad.menu.service.AdSiteVO"/>
		<!-- oskim 20190804 -->
		<typeAlias alias="usTyphoonListVO" type="kres.us.cmmn.service.UsTyphoonListVO"/>		
		<typeAlias alias="usTyphoonRouteVO" type="kres.us.cmmn.service.UsTyphoonRouteVO"/>
		
		<typeAlias alias="UsTyphoonListComisVO" type="kres.us.cmmn.service.UsTyphoonListComisVO"/>		
		<typeAlias alias="UsTyphoonRouteComisVO" type="kres.us.cmmn.service.UsTyphoonRouteComisVO"/>		
	</typeAliases>
</configuration>